Rating,Text,Date Posted
5.0,"I don’t usually write reviews. But after over a year with the TOZO T10s, I feel like I owe them a love letter.  I used to own AirPods. And then I lost them. Then I replaced them. And lost them again. Repeat that cycle more times than I’d like to admit—until one day, I’d had enough. I wanted earbuds I could trust to stay in my ears, stay with me through a chaotic student schedule, and not cost half a paycheck to replace.  That’s when I stumbled across the TOZO T10s. I didn’t expect much, honestly—just something functional. But what I got was a full-on game changer.  These have become my go-to earbuds for everything. I’m a full-time student, which means I’m constantly switching between reading, running to class, zoning out to music, or escaping into a podcast while doing dishes or walking to the library. I needed earbuds that could keep up with me—and these do. They’re comfortable, snug, and stay in place no matter what I’m doing. Whether I’m on a packed train, on a long flight, or trying not to disturb my roommate during a late-night study session, the sound quality is consistently clear, rich, and immersive. Like, weirdly good for the price.  I’ve taken them to the beach, I’ve worn them in the rain, I’ve accidentally dropped them in coffee once (don’t ask)—and they kept going. The waterproofing is not just a gimmick; it’s saved me multiple times.  The battery life? Unreal. I charge them maybe once every two weeks, and that’s with daily use. It’s one less thing to stress about, and for me, that alone makes them worth it.  Now here’s where the story gets even better.  After over a year of near-daily use, my left earbud started acting up. Not totally dead, just inconsistent. I figured, “Well, I’ve definitely gotten my money’s worth—time to buy another pair.” But I decided to shoot TOZO an email, just in case. One single email. No hassle, no waiting on hold, no weird hoops to jump through. They responded almost immediately, and within a few days, they shipped me a replacement. Just like that.  In a world where companies make you feel like a number or a nuisance, TOZO treated me like a human being. That kind of customer service and product support is rare—and it made me a loyal fan for life.  If you’re looking for earbuds that punch way above their price tag, survive the unpredictable chaos of daily life, and come with a company that actually cares—the TOZO T10s are it.  I don’t miss my AirPods. Not even a little.",2026-02-18 22:34:39
5.0,"I purchased these headphones on a flash sale, so I got them at a reduced price. I figured, even if I don't like them, they weren't that much. I haven’t had them very long, but I’ve been surprisingly pleased with them.  So far, I’ve used them mainly at my office to watch Netflix during my lunch break. I have on a couple occasions used them for a few hours without any problems with the batteries running out. I really like that the carrying case holds a reserve charge to recharge the headphones when put back in.  I have never been able to comfortably wear a pair of Apple headphones, so I always avoid those kinds of earbuds. So far, they have been comfortable to wear. I haven’t had a chance to wear them to workout yet. So, I can’t speak to how well they stay in once I get moving. However, given the snugness of the fit with the current buds I have on them (the original pair that came attached), they feel pretty secure. I don’t foresee them coming out.  One of the things that initially drew my attention to these headphones was the IPX8 rating. While I do swim quite a bit, I don’t think I will be attempting to swim with them though. Bluetooth doesn’t work well in water. However, I do have to work outside sometimes in the rain. So, it will be nice that I don’t have to quickly put them away.  For the most part, I’m happy with the sound quality. I prefer more of a flat response, so I find them to be a little bass heavy. But that also means I was surprised at how much bass they actually put out. (Free tip: if you are using Spotify on your iPhone, there is an EQ feature so you can adjust the lower end if it’s too much.) Again, I’ve used them mostly for Netflix, so I haven’t noticed it as much. I was very surprised at how loud they can get.  The sound quality of the mic is about what you’d expect from a pair of headphones. They work well enough to communicate. Just don’t expect to record vocals for your next platinum selling album with them.  The Bluetooth is very quick to connect to my computer. They are usually connected by the time I can even get them in my ears. Even with the Bluetooth 5.0, there is some latency though. But, that is to be expected. It would be nice if they had aptX to help with that. However, given the low price, how new aptX is, being Bluetooth 5.0, and having an IPX8 rating, I can hardly expect that.  I really like the case. It is somewhat bulky, but that’s the tradeoff to have a case that provides a reserve charge for your earbuds. I also liked that the cover is slightly transparent so I can see the battery level without having to open it. I also love that the case is equipped with Qi charging capabilities. I would say that the charging cable, measuring in at just over 12 inches, is really short. But, again, at this price, I can hardly fault them for not making it any longer. And, it’s not like you’re going to need them plugged in while you’re using them.  Bottom line, I don’t think you’re going to find a better pair of earbuds with as many features at a better price.  *** REVIEW UPDATE*** I've now had these headphones for almost a year. I'm still pretty pleased with these headphones. Again, they're not an audiophile's dream headphone by any stretch of the imagination. But, they are ok sound quality. They produce good volume and they are comfortable to wear. For the most part, they stay in my ears pretty well. I need to readjust them sometimes but no more often than I would need to with any other headphones. I have not had the issue I have had with many other earbuds in the past of the tips coming off. I think this is mainly because I keep them in the case if I'm not wearing them. Occasionally, if they don't click into the case just right, they won't charge. However, the case also has a small red light to indicate that it's in the case and charging. So, I know right away if I need to reinsert or adjust the earbud. Also, occasionally, they don't connect properly to the device. However, all I need to do is pop them back in their case for a second. When I take them back out, they usually automatically connect to my device without any issues. I'm still quite pleased with the battery life of the earbuds themselves and the extra charge of the case. And being able to wirelessly charge the case is an awesome feature. What I haven't been as happy with is the audio quality of the mic. I've tried using it on a couple of occasions, but the person on the other end has had a hard time hearing me. So, I've given up using it for that. But, that's not my reason for choosing them, so it's not much of a concern for me. Overall, time-tested, I still give these headphones a good review.",2026-02-18 22:34:39
4.0,"I’ve ordered three (3) pairs of the TOZO T10 Earbuds with the third pair for myself. The first pair were for my son and the second pair a gift. I ordered myself a pair based on what my son told me about his earbuds. He knows I love to listen to music all of the time. I have the original AirPods but he was tired of hearing me complain about the design and said I would love these. I really do like my TOZOs. The charge they hold is absolutely amazing. I use them everyday and I haven’t charged them since mid September, which to me is unbelievable! I just checked prior to writing this review and I have three blue lights, again AMAZING! They are great at blocking sound and my music sounds great. If I could change two things it would be as follows: I wish there was a way to adjust the bass and I wish they were slightly smaller. I would love those features. ISSUES I AM EXPERIENCING: the reason I didn’t give a five (5) star rating I’m having two issues and can’t figure out why. 1. More than not, when I’m listening to my music if I turn my head, the sound goes away. For example, if I’m shopping and walking down an aisle then stop to turn my head to look at something on a shelf or rack, my sound is completely gone however, as soon as I turn my head back to where it was OR even look in the opposite direction, my song begins playing. It’s not stopping, the sound is just gone and when my song comes back I can tell it was playing, I just wasn’t hearing anything. I haven’t been able to figure out why this happens. It’s annoying but not something that would cause me to not purchase another pair. 2. The second issue is with the tapping of the earbuds to control them. My pair came with instructions which definitely could’ve been much better. They needed to provide detailed instructions. I happened to see my son’s box and noticed my box said upgraded and his didn’t. I opened it to see if his instructions were inside and they were. His instructions were different than mine in that they were in the format of a small booklet, more detailed and clearer which helped me understand how to operate my earbuds. My instructions are a long strip of paper folded several times with very little details. The tapping just doesn’t work as it’s supposed to work per the instructions. No matter how many times I tap, I receive the same message, your volume is at the maximum limit (this is not verbatim but it’s the message conveyed). I can’t make or answer a call. I’ve been able to answer three (3) calls and each time the person said it sounded horrible and they couldn’t hear most of what I was saying then the calls dropped. Overall, I knew due to the price I was getting what I paid for. My son told me about the tapping issues before I ordered mine because he has the same issue as well as with calls but he loves how his music sounds.  The fact is, I bought them to listen to my music and other than the issues above described, I LOVE how my music sounds when using my TOZO T10’s. I LOVE the length of time it holds a charge. I really do wish I wouldn’t lose sound at times.and the calls would work but if I know I’m expecting a call I wear my AirPods.  Lastly, I would like to address one thing due to reading this in some reviews. Not one time have I been contacted to write a review by ANYONE. I don’t write a lot of reviews mainly due to lack of time but I order a great deal of merchandise from Amazon and probably should begin writing reviews due to the amount of merchandise I order and the variety of items I order. I always read reviews prior to making a purchase and it definitely helps me if I’m not quite sure about a product. I don’t read reviews which are not verified purchases. In summary, the TOZO T10 Earbuds are a great product for the price and I’ve seen reviews (not on Amazon) which say the TOZO T10 is great for the price when compared to similar earbuds and it’s even been mentioned even though newer versions are being released, the T10’s are the best. Hopefully if you are deciding whether to purchase these or not, my review provided information which helped you with your decision. Great earbuds TOZO!!",2026-02-18 22:34:39
5.0,"This is the first pair of wireless earbuds I've had that have lasted a whole 7 and a half hour shift at work without needing a recharge. The sound quality is really good. It's not top tier, audiophile sound quality, but it is just as good or better than earbuds I've had in the past that were far more expensive.  The app lets you adjust the EQ so you can get your perfect sound or you can pick a preset. The touch controls for volume and skipping are straight forward and easy to use. They feel comfortable in the early, no issues wearing them for extended periods.  I'll have to see how well they hold up over time. But so far, I'm very impressed.",2026-02-18 22:34:39
5.0,"I have only owned these earphones for one day (purchased them for $27 on a Lightning Deal), so this ""review"" is really just my first impressions. I'll update this review if any issues come up that make me reconsider my feelings on IEMs. I am not a hardcore audiophile, but I do appreciate quality headphones and earphones. I'll talk first about my intial impression of the build quality, set up and bluetooth performance and sound quality.  The build quality on these Tozo T2 is pretty darn good. The case is well made and very solidly assembled. I have no doubt it can handle a good drop from your pocket onto concrete. I also don't doubt Tozo's claim that the case has an IPX8 rating (and I usually take those types of claims from chinese manufacturers with huge grains of salt). The micro USB port on the case is covered by a rubber seal and the case shuts firmly and is held in place by three heavy earth magnets. The same type of magnets are also used to hold the earbuds in the case when they are charging. They aren't going to rattle loose or pop out unless you want them to come out. The earbuds are also really well made. They have a very solid feel and the plastic doesn't feel cheap at all. Because of these are TWB earphones, they are not the lightest I have used though and, overall, they feel heavier than typical wired bluetooth IEMs. This isn't really a big deal, since I had no issue using them through my workout at the gym this morning, including HIIT session on the treadmill and an intense weight training session. I also tested the Tozo's claims of IPX8 water resistance rating by giving them a wash in the sink and using them in the shower. The held up just fine and it was nice to be able to listen to my tunes during a shower!!! This capability makes these earphones perfect for the beach or pool, where you wouldn't risk more expensive and/or delicate earphones.  As for the feature set, I really like the fact that the case for these earphones can be charged using a qi wireless charger. I could have lived with the micro USB, but this just makes the process of charging the case (and earphones) so much easier!! On the other hand, these phones have one button on each bud that controls your phone. Click once and it will pause your music. Click again and the music will restart. Those are only media functions these buttons serve. Other than that, the buttons are used for accepting, rejecting or hanging up on phone calls. It would have been nice if you could use them to change music tracks and control the volume. Other earphones in this price range ($40 list price) have these capabilities, but they don't have the waterproof rating or the wireless charging capability. So, you have to choose what is more important to you.  As for bluetooth connectivity, set up is as easy as everyone claims. Take the IEMs out the case, they go into pairing mode and connect to each other. They show up as available on your phone's bluetooth menu, and you click on the right earphone--that's it. The automatically turn on and connect to the phone when the IEMs are removed from the case. This makes them very simple and easy to use. Due to their size (although they are not large by any means), it does take a little longer to get them comfortably situated in your ear than most wired IEMs (bluetooth or otherwise). This is probably true for most TWB IEMs (with a few exceptions). Once situated, they do stay where they are suppose to, although you need to make sure you are using the correct sized earphone tips. The medium sized silicone tips that came pre-installed on the earphones fit me just fine and held the earphones firmly in place. However, I am currently using a pair a medium sized comply foam tips (they did not come with the earphones), since they are comfortable and hold the earphone securely in place (and create a better seal than silicon tips IMO).  Before I get into sound quality, this is an element that is very subjective. Although I am not a hardcore audiophile, I care about sound quality and have invested in some well respected headphones and IEMs (Grado S80s, Audio Technica ATH-M50X, Shure SE425, Tin Audio T2, KZ AOS10 etc).. I tend to like a earphones that have a fairly neutral sound, but are capable of generating tight controlled base (which can be brought out using the equalizer on your phone or tablet). These are NOT neutral sounding earphones. In fact, it sounds to me as if Tozo designed these earphones with a fixed EQ setting that overly emphasizes bass (particularly in the lower and mid range). This causes the bass to bleed over into the mids. If you ever listened to a 5.1 surround sound system where the subwoofer's crossover is set too high and at too high of a volume (creating that booming/overwhelming sound), these earphones have that effect. There is also some sibalence in these earphones--far from the worst I heard, but it is definitely present (especially for female vocals). These are earphones that are tuned for bassheads, but the 8mm drivers used by Tozo don't have the chops to really deliver clean quality bass. Tozo would have been better off not trying to put a fixed EQ setting in these earphones and left them with a balanced setting, which anyone can tweak to their taste using the EQ on their phone.  In short, these are NOT the best sounding earphones I have ever heard. The sound quality is on par with a set of wired Philips Extra Bass headphones that you can buy for $15 at CVS or Rite Aid (which is they type of earphone that most people use). What makes them special is the fact that for $39 ($27 if you got them on a lightening deal), ,these earphones are rugged TWB earphones that are waterproof, come with a waterproof case that also serves as wireless charging base, and is, itself, capable of being charged with a Qi wireless charger. They aren't going to replace my Shure SE425, but they will compete with my superior sounding Tin Audio T2 (which I have connected via an MMCX Fiio bluetooth cable) for time at the gym and certainly during the summer at the beach and pool. I don't have much experience with other TWB earphones, but it doesn't seem like Tozo's competitors are offering anything significantly better in the sub-$50 range--so this is about as good as it gets for now (I am sure things will be much different in a year or two).",2026-02-18 22:34:39
3.0,"CAN IT BE WORTH KEEPING? ---------------------------------------- <preface this review noting the following was gleaned with over 1 month of usage, on 2 different units, as the inital order was VERY susceptible to cutting out/losing phone pairing. Hardly worked at all, actually – just enough that i liked the potential and opted for a replacement to see if something got past QC...whatever form QC takes for Tozo>  <second context provider: this is the only pair of wireless ear buds i've ever used. it's easy to see on Amazon, as well as crowd-funded sites, that this form-factor is the currently, predominate iteration. case/dock that serves as recharger; buds very close, if not exactly the same, shape and general layout; claims of Bluetooth 5.0 and typically IPX6, 7 or 8, although these T10s are the only IPX8 rated i recall seeing.>  <CAVEAT each and every one of us really should keep in mind as we happily shop away online, wherever that may be: WHO or WHAT centralized agency, reputable or not, is testing and certifying these products? by exactly what measure is it that products are found to actually be and do what the things ""marketing"" indicates is so? Hmmm???...lets think on that for a moment...instead of blindly swallowing whatever hook is cast before us and then complaining that we've a hook embedded in our mouth.  that said – IDK where to go to get reputable answers to the obvious questions regarding online (only, typically) product in 2019. if someone does, please post under this review cos I damn sure would like to explore that further. moving along to this item...> ------------------------------------------- it is unfortunate, really – as otherwise, there is MUCH to like about this ear bud set up:  * the price was outstanding, at least for this purchase as it was made during a lightning/gold box – whatever Amazon calls their countdown-timed deal opportunities. in my case, it was $29.99. what i paid is actually the teetering point for me as my inner-monologue vacillates between ""when they work, i really do like these...and they were astoundingly inexpensive"" to ""when they cut-out or lose bud-to-bud pairing, no price compensates for resulting escalation of irritation to aggravation..."" but as far as evaluating on price relative to sound, feature set and (mostly present) functionality +2  * surprisingly good sound, incl much more low-end than was expected, particularly as one ought remember, they're wireless, fairly small form, ear buds. think about that for a moment...personally, i'll put them firmly between a good set of cans and any of my wired buds, of which i have a half-doz, incl some decent Sony's and a set of Bose sports – granting the Bose are not in-ear buds; which makes a CONSIDERABLE difference in sound quality, as well-fitted in-ear buds both better block outside noise and seal desired audio's path, directing toward the eardrums. +2  *voice calls show well, both from the send and receive side. i have one colleague who routinely complains about calls made either through my car's bluetooth-connected system (mic is in steering wheel) or the now out-of-production Jawbone Icon – yet he's made no comments about my use of these buds, which tells me they're doing the job and then some. i have also made calls to other parties, for the purposes of testing call quality, and no one has observed any issues. my ability to hear and communicate effectively has been surprisingly good, although i haven't yet tested the buds on a call driving down the road with the windows open, or through a call standing outside on a windy day. the Jawbone did a pretty nice job with purported, military-grade noise-cancellation; not sure what/if considerations are employed to that end in these T10s. +1.5  * fit/form is comfortable and stays in place – albeit w/o any running around. my most active conditions involve wearing while operating a residential, riding mower over uneven terrain, getting on/off, sweating were the most vigorous, operational conditions. they can droop some, and they do get a bit uncomfortable after a couple of hours, but then, show me some ear-buds that don't. +1  * battery life was good (roughly 3-hrs) and the recharge time (via an unplugged, but charged, case/dock) seemed to be about 45-minutes in very generally observed times. IOW, i did not run down the buds, break out the stopwatch, note start/stop times; just looked at the clock when initiating recharge and then again when lifted. +1.25  * i get that this form-factor—charging a case/carrying buds in case for on-the-go, cord-free recharging, IS the way these many, many iterations of wireless, BT earbuds are presently made—can't really be attributed to Tozo, but the functionality of the ""case as charger"" has real value. specific to this case, Tozo appears to use rare-earth magnets, resulting in small form and commensurately strong magnetism. very good for keeping that lid closed and your buds in the case where they belong. i've had my case hanging on my technician's toolbag for a couple of weeks now and have yet to find the lid opening on its own, or of course, my buds out of the case other than when i pull them out. the buds themselves are magnetically drawn into the form and onto the charging contacts, once you've got them most of the way inserted. +1.25  SUGGESTED IMPROVEMENTS:  *most necessarily, and glaring, is the frequent and random connectivity drop: some times it was the Rt-ear (phone pairing) bud from the phone, despite the phone's proximity sitting next to me in my mower's cup holder or in my front shorts pocket, ALWAYS on my right side. other times, it was Lt-bud connectivity loss to Rt-bud, despite the buds having recent charge. this happens FAR TOO FREQUENTLY and does so while they're worn – making it an obvious engineering/technical flaw. Surely the distance through a human's head is so similar that nailing down electronics appropriate to afford solid connectivity across this distance and through incredibly similar material (flesh/bone/brain/bone/flesh) or around the same, should be made certain before this product hits market. add the pairing drop that i easily—with about 90% consistency reproduced—initiated by tightly cupping an ear with one hand...now that i type this, would seem the bud-to-bud pairing is made with shockingly short-range/weak electronics. so, forget going through the head, these have trouble going AROUND the head and are interrupted by nothing more than the composition of an ungloved, human hand and some of the time, nothing more than...air? back to the drawing board or lab, Tozo... -5.5  presuming that deal-breaker gets corrected, next suggestion is  * add a feature that makes it clear that the buds are fully charged. update the voiced component to include current battery-life status, or put a meter on the case that provides visual status of the same, or change that LED series (essentially serves as a meter, but with 4-LEDs lined up vs a numeric display) from blue to green, or even better, have the earbuds' go from red to green? there is no way to know how much life left the buds have, other than the voice prompt that kicks in and repeats 3 or 4 times that the battery is low. the auto power-off function comes pretty swiftly thereafter, which is fine, but outside of this, the user has no way to know the buds current, charged state of being. this is kind-of irritating, really. as it is, appears the display times out. If the buds are lifted from the charging case with a full charge (?), the buds change to blue. Put them right back in the case, they revert to red and sit that way until timing out – unless the battery life is so erratic/poor that a full-charge isn't really a full-charge, or is until lifted from direct charge contact, or...see what i'm saying, Tozo? -1.5  Nit-picky suggestion here, but valid all the same:  * make the charging case/dock's molded loop a wee bit larger. not sure what Tozo expects would be looped through this, but it is too small—without modification—for anything other than a string. i have several cables w/screw-together, end crimped connectors that are typically used for/found in; keeping together keys. the 1/8"" threaded end of this cable would not fit through the loop. i took a very small, sharp utility knife and shaved off little bits of plastic on the case-side (not the loop-side) of the loop, until i was able to get the threaded end of my cable's connector through the opening. my workaround now ensures i can easily and securely attach the buds' case to a carabiner, a tool bag, a belt-loop (although haven't done that), etc. -1  RESULTS: with this highly unscientific and also highly arbitrary summary of my Tozo T10 observations, based on just a a couple of week's sporadic usage with the initial purchase, followed by several, much more intensive weeks now with the ""replacement"" unit...it's a wash.  would i say to someone who doesn't already have a strong interest in wireless, ear-buds, ""rush out and buy these""? i would not. would i encourage someone to try this or a different maker to see if another has defeated the paramount and absolutely necessary condition of consistent and persistent pairing to both phone and bud-to-bud? sure, why not – return them in within the appropriate time frame if they're no bueno.  what's to say that should i go to and through a third set of Tozo's T10s they'd not work splendidly? seems unlikely, but...or that another manufacturer has nailed some technical shortcoming and consideration that appears to have eluded Tozo's grasp? w/o going down that road, can't know.  for me, relative to my specific instance and most definitely considering the price paid and approximately 80% up-time in which the buds work as expected, coupled with already having backup, alternatives if/when the T10s get too exasperating, i'll probably just keep them. reach out to Tozo–if that's even possible w/o further time-suck as has been already been spent in grappling the issue, contacting Amazon multiple times to correct some bizarre-to-me SNAFU in which reviews for this product were disallowed due to (my paraphrased summary here) some goofiness with reviews and legitimate account, product purchases and now the subsequent, even-further time-suck of typing out this loooong overview...but roll the dice and pay full price ($49.99 as of this review's post)...nah.  i suspect the technology is suuuuper close, but just isn't.quite.there.yet to pull off what is trying to be done with the wireless ear-bud market.",2026-02-18 22:34:39
5.0,"I've stuck with Tozo brand for several years for one reason. The price tag bets any other AND the quality for the value is unmatched. For these specifically, the noise cancelling is perfect for commuting, blocks out all subway and bus chatter and while I'm at work and need to hear someone AND listen to music I can do that to. Super customizable in terms of their app and ear fitting. Amazing overall, easily competes with similar overpriced brands that are $100 more. Happy customer here",2026-02-18 22:34:39
5.0,This is my second purchase but only because I lost the first one. It works great with my older ipad pro running ios 12. It has a broken USB-C port so only way to listen with earbuds had to be bluetooth. This have decent sound but I'm only using for video and TV/movie streaming and not music so I have no complaints. They fit comfortably in my ears and the case is convenient and just the right size. It's also easy to charge but seems to hold a charge for a very long time. I've never had it run out and I use them daily for 1-3 hours a day and only charge about once or twice a week.,2026-02-18 22:34:39
4.0,"Upgraded doesn't always mean better. I'm a big big fan of the Tozo T10 earbuds. I have bought 3 or 4 pairs over the years. My current set of 2-3 years old and I use them every single night to go to bed and fall asleep to a audible book. When the earbud batteries started losing their long playtime (battery dies after 4-5 hours during the night) I figured it was time to get a replacement pair to extend my listening overnight 6-8 hours per earbud. I love that the original T10 are ambi-earred (fits either ear) and super comfortable. I sometimes forget I'm wearing an earbud when I'm not listening to anything and just walking around the house. When the new pair arrived I was bummed. They upgraded the latest version of the T10 to be smaller and are now L and R ear only. I can no longer wear one earbud comfortably in either ear. It's important to me to be ambi-earred, so when I roll over at night, I can just switch the earbud to the ear I'm not lying on and continue to listen to my book. It also makes it easy to put back in the case in either charging slot. I'm disappointed in the change in style and shape. But I'll keep them, as what else can I do? Tozo doesn't have any models that are not dedicated to Left or Right ear specific sides. I love the Tozo brand. It's very durable. Easy to pair and easy to tap to pause and play the audio or answer a phone call. Call clarity is great and the listener on the other end can't tell I'm using an earbud microphone. And the best part, the distance range is awesome. I can leave my phone in the house and walk the whole backyard doing my gardening and still hear without any signal loss. The larger darker case is the original model T10. You can see that the upgraded one comes in a smaller case. You can also see that the older version doesn't fit in the case of the upgraded version. (My first 3 sets of t10s could all be interchanged between cases. I'd wear a black bud in the car and walk into the house with it still in my ear. Then I'd take it out and put it in my blue earbud case to charge until I wore it back into the car to put it back with it's original black case. It made it very easy to keep listening to my audio from car to house without changing earbuds). One other thing to note with the new version, they took away the voice that spoke that the earbud was connected or paired. But worst of all, it no longer says ""please charge battery"" and only ""dings"" a tone when the battery is getting low. I don't hear the warning ""ding"" and thus I wonder why my audible book suddenly turned off. Please bring back the ambi-earred shaped T10. I liked the voice prompts too.",2026-02-18 22:34:39
5.0,"Just last night I ordered 3 of these TOZO T10 Ergonomic Edition earbuds in various colors. This is a long-term review. How so, you ask? Why/how am I leaving a long-term review now? There's a story, but first the review.  I am actually reviewing the 2 sets I ordered in July 2024. I used them for a month or so and absolutely loved them, and still do. I love the fit, both the feel and how secure they stay in place. I love the controls - tap to pause, hold for volume, double tap for next/prev. I love the range of volume levels. I love the battery life - the earbuds last an entire day of active listening on a single charge in their case, and with two sets of these earbuds, the case batteries last about a week.  Now the story. Things come and go on Amazon, so after that initial month or so in 2024, I went to order more for the future. Too late, they were no longer available. Bummer! I ended up trying a similar pair, the T10 Classic Edition, but it's not the same.  Now a year and a half later, a small problem with one of the original earbuds, the microphone seems to have stopped working. A little annoying, but they still work perfectly for listening, and remember, these are $20 earbuds, not $100 earbuds. So I went on a research binge on Amazon for my next new earbud adventure, this time focusing on click-button earbuds instead of touch like the T10. I narrowed it down to 5 choices (out of tens of thousands!), but I could not make up my mind.  So I switched my research to touch-style earbuds, scanning for candidates in page after page of searching, and after finding about 40 different earbuds to look closer at, I found one that showed ""Last Purchased July 2024"". My jaw would have hit the floor, but instead it bruised my big toe on the way down.  So now I'm waiting for this order - a replacement for my gray ones plus a black one and a white one for long-term backup. And I will probably order more.  Sorry, no pictures - my ears are too ugly, but my earbuds look just like the product photos.",2026-02-18 22:34:39
4.0,"I'm one of the very, very few people who cannot use the apple air pods. No matter how hard I try, they fall out of my ear in less than a minute. I thought I would try a different brand, and when I put these in my ear, they fell out within seconds. I was about to give up, pack up the box, and send it back, but I decided to check out the instruction manual in case i was doing something wrong. I’m so happy I did. Turns out there were 4 sizes of plastic ear caps included with the earbuds. On my third try, the second smallest ones, I felt how i imagine Cinderella felt when she tried on the glass slipper. They were perfect and no matter how much I jumped up and down or shook my head, they stayed in place! The quality of sound is impeccable, nice highs and lows, with a decent amount of bass. Once I found the right match, the fit was extremely comfortable. I love these headphones, they have already changed my life for the better!",2026-02-18 22:34:42
4.0,"I had the previous version of the T10 buds and decided to upgrade. The body and ear insert of the upgraded version is slightly angled to each other when compared with the previous version. The ear fit is a little more snug and I felt a slight build up of pressure within my ear canal. This could have been alleviated with a change of earbud tips. While the charging case is smaller then the previous, I've found that the magnet that secures the cover stays closed is noticeably weaker than the previous version, allowing the cover to open easily with even gentle shaking. Out of the box, an OTA update to the earbuds' firmware was available via the TOZO app. The installation of the firmware update progressed slowly but was successful within the stated 10 minutes. The app allows for changing the EQ/sound effect settings as well as various other functions such as AI (Meeting recording, speak-to-translate, simultaneous interpretation and AI chat). Overall, sound quality is good (although no active noise cancellation). Ear fit is snug while comfort is okay. Wireless charging works well. The only disappointment is the weak magnet for the charging case cover.",2026-02-18 22:34:42
5.0,"I will be honest on this review ,after trying expensive earbuds,,my friend always laughed about my expensive earbuds she got last year a new tozos earbuds (pinks) as a gift and I was like whaaaatt,$25 ??? when I was buying $200-300dlls earbuds but she insisted me to try tozos she said was easy to connect and a battery good what I said I was tired buying expensive earbuds on. Amazon, retail stores and always buying expensive garbage .I'M A VERY IMPRESSED WITH TOZOS EARBUDS GOOD SOUND ,GOOD CONNECTION, GOOD BATERY.THE GOOD THIS I LIKE IT IS CHARGER BOX HAS A VERY STRONG MAGNET AND CHARGING RIGHT AWAY.I WAS LISTENING MUSIC IN MY SHOP FROM 11AM TO 6PM WITH OUT ANY INTERRUPTION AND BATTERY STILL FRESH ,I'M 100% RECOMMEND TOZOS T10 BETTER THAN EXPENSIVE ONES HONESTLY YOU WON'T REGRET BUYING THEM.",2026-02-18 22:34:42
4.0,"The price is honestly what I like most about these headphones. They’re perfect for you if you’re not all about spending 100.00 dollars or more on headphones that you wear just to listen to music, streaming content, audio books or podcasts, these fit the bill. The features and sound quality my not be Bose but I have no complaints. Sound quality is great, noise cancellation isn’t excellent but I’m not in situations often where that feature is needed. Battery life so far is probably a bit less than what’s advertised, but I noticed sometimes they lose charge slightly faster or keep it slightly longer than what’s advertised.  I have the version just before this set T5 I think (small square shaped case) and they have made some significant improvements in T10. I bought a new pair because the old pair that I have only had about 1.5 years with extremely limited use (probably worn less than 20 times) will no longer hold a charge. Although I expected them to last longer with limited use, I’m not overly upset because at the end of the day they’re $25 headphones. I didn’t expect a miracle. Charging seems to be an area that manufactures struggle with on quality. I used a charging pad so maybe that’s why they failed so quickly, but Tozo recommends using a charging pad.  It looks like I have the new version of the T10. Just noticed some of the photos posted in these reviews my product looks slightly different and another review stated they released an update to the T10. I’m really happy about that due to some negative issues with the other T10. Things I love about this new version that the other version T5 doesn’t have:  1. You charge the box and the box charges the ear pieces. This is a great improvement because once you lose the charge on the earbuds if you’re away from a charger you put them back in the box and recharge them.  2. These are ever so slightly more comfortable in the ears than the last design. I hardly know they’re there and touch my ears which can inadvertently turn them off or skip to the next song.  3. Right and Left is clearly marked, large and on the outside of the ear piece. I listen to audio that’s earphone specific. So the sounds in the left might be different from the right. With these there’s no confusion and no struggle like the last version to figure out left from right.  4. Earbuds pair quick and easy with minimal effort. Just doesn’t get any easier. Honestly the last ones did too, but just thought it was important to mention.  5. The charge lights on the box are clear and visible in blue so you know it’s charged when it’s not on the charging pad. It has dots to indicate the strength of the charge.  6. The entire box station top is magnetic so you never mess up placing the ear pieces back into their cubbies for charging.  The only con over the other model is this box is bigger. I like carrying a small purse and the smaller box was easier to slip into it. Because the box holds extra battery life, it’s a fair trade off though so I’m okay with that. I’ve not worked out in these, but I’ve gone walking and had no issues with perspiration.  The only thing I wish they’d change is making all the controls based on at least 2 taps and/or with pressure to the outside. I hate inadvertently turning them off with 1 tap.  I have 2 beefs with these earphones. The Tozo brand in general has a lack of consistency in the product quality and performance. This is why I titled this review, “you get what you pay for”. I don’t expect Bose quality, but I do expect great quality when an item is new, I expect reasonable durability, consistency in performance, and reasonable longevity of the product. I purchased these September 2021 and didn’t actually open them and use them until November 2021. Since then, the right ear piece randomly unpairs from my phone. I have to place it back in the unit then back in my ear to initiate a new pairing. The left stays active and is still playing whatever I’m listening to. It doesn’t happen with every single use, but enough that it’s annoying. If I’m listening to sounds that require a left and right ear piece or on a call, it’s an inconvenience. The 2nd issue is if I pause or end the audio the headphones don’t stay paired. After a couple of minutes they will disconnect. Sometimes they will reconnect. I generally take them out when I stop listening, but on the off chance that I simply need to turn the music or book off to do something, but intend to restart, it’s frustrating when I have to take them out and re-pair them to my phone. I think they should stay in standby mode until you take them out and put them back into the case.  Overall I think these are worth it for the price. There might be a better brand at the same price or less, but I bought these based on the high number of satisfied customer reviews and they were probably on sale at the time. I might do some research if these fail as quickly as the last pair or the right ear piece unpairing increases and becomes problematic.  Sorry for any grammar errors. This was intended to be a quick review and I’m on my phone so reviewing a long write up is difficult.  I would definitely recommend these as great overall everyday or occasional use earbuds. I don’t use them everyday so uncertain about durability with frequent use.",2026-02-18 22:34:42
4.0,"I am new to the wireless headphone trend, as for most of my life (through Walkmans, Discmans, Portable MiniDisc, and MP3 players) I've always used corded headphones. I finally bought a set of budget Bluetooth earbuds that were absolutely horrible - no bass below 250Hz, and worst of all, MONO output. ""1990s dollar-store corded earbud"" sound quality. Gross! But at least the dollar-store earbuds were stereo!!!  So back to my search for a set of Bluetooth earbuds with better sound and STEREO output. Being that I only would use them for a brief time period a few days a week, I didn't want to spend a ton of money. I decided to give these earbuds a chance... And I'm glad I did.  I opened up the package and was delighted to see the case was at (or very near) a full charge, and so were the earbuds themselves. I really enjoy when a product is ready-for-use right out of the box. The included instructions were clear enough and initial setup was easy enough that within moments I was enjoying these earbuds.  I had to change the attached tip to the smallest included tips for comfortable fitment - the right earbud doesn't quite fit properly, but that's most likely due to having multiple double-ear infections in that ear some years ago and some scar tissue deforming my ear canal slightly.  Now, for the meat and potatoes: sound quality and volume. I'm fairly picky about sound quality, and I was very much surprised with the audio - bass response rivals most midrange corded headphones (not overpowering like certain celebrity-branded sets), and treble is bright without getting brassy. Volume is more than adequate, as I left the earbuds at whatever the stock volume level is and I could not turn my phone fully up without being uncomfortably loud. The earbuds block out a substantial bit of external noise - perhaps not the best for joggers/runners/cyclists that need to hear traffic around them.  So far I have only listened with a FLAT EQ curve, and I'm someone that always finds a need to boost here or there for taste, but for these earbuds I have had no need to tweak to compensate for poor response.  Fitment is fairly comfortable (aside from the previously-mentioned issue with my right ear). After a few minutes of wear, I can hardly tell I'm wearing the left one (I have to push the right one pretty far in for it to stay put, which I continue to attribute to personal issues). They stay put in my ears as I sweep and mop floors, carry trash to the dumpster, and scrub bathrooms at work. They are also the first ever pair of earbuds I have ever owned that stay in my ears when I yawn - that, in and of itself, is impressive.  The charging case is surprising from an engineering standpoint. The case has a magnetic closure that works securely while still being reasonably-easy to open. There are also magnets in each charging receptacle for the earbuds which click nicely into place for perfect alignment with the charging pins. There is a 4-LED battery level indicator inside similar to the style used in USB power banks. The case can be charged by micro-USB or wireless charging, I do not have a wireless charging dock to test that function but I think it's a nice add-on for the price. Additionally, there is a molded loop on one end of the case for attachment to a lanyard or backpack zipper or what-have-you.  Battery life is impressive as well. The low-quality earbuds I describe at the beginning would lose 10% of battery completely powered off in my pocket for 5 hours, and would be down to 40% charge after about 45 minutes of use. The TOZO T10 really shines here, as after 5 days of use for around an hour a day, earbuds placed back in case and charged fully after each use, the charging case still shows ""Full"" and the earbuds themselves sit between 90% and 95% after each use before I charge them again.  If you remove the left earbud from the case, stick it in your ear, and then remove the right earbud from the case, the two will pair to each other before you get the right earbud inserted, and if the Bluetooth on your device is already turned on, they will be paired maybe a second or two afterwards. Vocal prompts in a female voice speak the results to you for confirmation, and once ""Second Device Connected"" is heard, you are ready to enjoy surprisingly-good audio from a pair of inexpensive Bluetooth earbuds!  I have not tested any of the on-device controls for volume or track selection, nor have I tested the earbuds for telephone calls. Also, I have not tried to use these on a PC or Laptop, since none of my equipment has Bluetooth capabilities, but I imagine they would perform similarly well. I would honestly be surprised if TOZO went wrong here, since they implemented everything else so wonderfully-well. I also didn't test its water resistance, that's for the big-review-channel YouTubers to go after.  I showed them off to a few of my coworkers (most of which are iPhone users with AirPods) - one even tested my right earbud in her ear at one end of the restaurant while I was at the other end of the restaurant with the left earbud and my phone. Connection was maintained despite 2 dual-band WiFi networks, wireless Drive-Thru headsets, two people using Bluetooth speakers from their own cell phones, and tons of ""noisy"" LED lighting, and she was impressed with the sound quality (I was jamming out to Herb Alpert's ""Rise"") that she wanted to buy a set to replace her Apple EarPods because these sounded BETTER. When I showed her the price on Amazon, she told me she was going to order herself a pair on payday.  Would I recommend these earbuds? ABSOLUTELY YES. Great sound, comfortable fit, impressive noise cancellation, battery life is much better than expected, and the included charging case seems to be well-engineered down to its rubber flap protecting the micro-USB port and inclusion of wireless charging. All of this for $40, which I think is an amazing deal for what you get! Grab a pair of these, and I doubt you'll be disappointed!",2026-02-18 22:34:43
5.0,"I just wanted to say that I bought these earbuds because I lost my other TOZO earbuds. Back at around 2021 or 2022 (it has been so long I really can't remember) I bought the TOZO T6 Wireless Earbuds. They had lasted me up until I lost one of the earbuds (Jan 2026) I still intend to keep my old one as it still works perfectly fine. I was devastated only because I had them for so long and they didn't even stop working i just lost one of them. Those T6s lasted me years even after my clumsy self dropped them who know how many times. I know this is supposed to be a review for the T10s I just wanted to share my experience with the brand as a whole and I will always go back to them. I decided to buy one of their newer models of earbuds and so far they work really well I'm not that big of a fan the the case design but it serves its purpose, really it'll just be a matter of getting used to it. If however these don't work out for whatever reason I'll buy the T6 again and just hope the quality hasn't gone down because they were great.",2026-02-18 22:34:43
5.0,"TLDR; For the price and comfort, well worth it. Love how it has different sized earbud pieces for comfort and fit. It can fit my husbands large ears and my small ones with a change of the earbud pads. Its very clear and crisp in terms of sound and set up was easy. You can also use one at a time, instead of both, which is nice. Plus water resistant while working out is VERY nice for working out or pool side. Also, there is wireless charging but I often opt for charging with a cable.  Honestly, I was afraid to get a wireless bluetooth headphone, given how often I misplaced things, but given my new phone had no AUX plug in, I had no choice but to get one. And there were SO many choices, which can be a little overwhelming especially for someone that had no idea what features to look out or go for. After some research, I've come across these to give them a try. With the reviews and the price, I thought this was my best bet. Not just that but it also came with their own warranty. Honestly, I have no regrets. I've tried other ones after but I always go back to these. I love how it comes along a small bag with various ear bud pieces for your comfort. I've seen others that didn't have such since they have it as one-size-fit-all and believe me, one size does NOT fit all. My husband is able to change into the larger earbud pads for his ear while he uses it. And when I was able to snatch them back, I was able to change it back to the smaller ones for mine. Well, that is, until my husband took my first pair and I had to order another pair for myself. It wasn't long before my kids started to take interest and use it for themselves as well, which is nice given I can use one and one of them can use the others and we can both listen to music be it at the house, long car trips, or poolside. The sound, least to me, is very clear and crisp. I don't have it very loud, often putting it on the lowest setting, and can hear it quite well. Even when not in my ear, on the low setting, you can't really hear the music until you put it back in your ear again. I hadn't tested it on the higher volumes but I doubt anyone really needs to unless you're in a very loud area or just want to rattle your eardrums. Noise cancellation is on par given the ear buds that fit in your ear can block most of the sounds from the outside. I had even used it in meetings and they worked a little too well on not being able to hear anything other than what you have playing through the earbuds. Just note, after so many hours your ear will feel a little damp on the inside due to lack of air circulation. (Think of it like having a bandaid over a cut and it not being able to scab because it locks in the moisture that way) I have also been guilty on wearing a pair at night(I recommend not doing this for safety issues) and thankfully had no issues with them. They were comfortable enough through the night. The battery life is rather good for something so small. For me, it lasts about a whole work day so I can pop one pair while working for 5-8 hours, then pop in the other pair to listen at home while the first one charges. Charging it is amazing as well. Just pop the things back in the case(which clicks in place because of magnets) and it'll charge on its own, so long as you precharged the case. So, if you're on the go a lot this is SUPER handy. I read you can charge it wirelessly but I never tested this since I just plug it into a charger myself since anything I put on a wireless charger, near the bed, gets knocked over and off. Its quite resilient on being water resistant. I'm not sure on it being water proof since I never fully submerged it underwater for a set amount of time but with with sweating and being splashed at with water, its still working like new. If they ever do go underwater, I'll see what happens then but hopefully I don't get the chance but if you have pets and kids, especially near and around the pool, you never know. Overall, I love these little guys and so does the rest of my family from my 6 year old to my husband. Give them a try if you're in the market for them.  Unfortunately, my (Human)family weren't the only ones that enjoyed it. Apparently my dog also liked it so much that it ate my right ear piece. I only found this out when I found my right piece missing, thinking the kids took it, only to find it when cleaning after the small dog after he did his business... Although I have the protection plan, through Amazon, it did say I have the manufacturer's warranty still in place so I am in contact to see if what I can do about this.",2026-02-18 22:34:43
5.0,"I have tried at least 10 different types of earbuds. I keep coming back to these. It's amazing how far away I can get from my phone with these earbuds. I wear one at a time and leave the other one charging. They connect immediately the sound quality is fantastic, and I love being able to leave my phone in the middle of my field and walk around and feed all my birds walk to the gate and back. Even when I leave my phone in my bedroom and walk outside, I can to go approx 50 yards before they start cutting out. If I get out of range and come back into rains they connect immediately and all I have to do is rub my finger over the earbuds and my book starts up again. They are amazing and for this price point I will keep buying them. I've gotten in the shower with them and except for the fact that the volume lowers on me until I have to remember to take the earbud I'm wearing out, they keep on chugging. I've washed them by mistake and dried them, and they have recovered. I've been using the same set for over a year and they're finally starting to give out because I use them everyday all day. So I'm buying another set. Plus I inevitably lose one of the earbuds. The case charges quickly and the earbuds charge quickly as well. I really can't say enough about this particular brand of earbud.",2026-02-18 22:34:43
3.0,"TLDR; New version is cheap crap, old version was great value.  I've had a few pairs of T10 models and they have all failed in the same way; they get quieter over time. T10 Classic models (what the listing review score was farmed with) lasted years. Given the price I could say they were an excellent purchase. The newer T10 versions are ergonomic, have a USB-C port, charge slower, operate at lower power, and fail within 1 year.  It's a very strange failure mode I've never seen in any other audio product. There is not an obvious potential source given the components within an earbud.  A speaker defect would not recur across devices and the only two components that could cause a gradual volume degradation would require improper material selection, which would not be found in a commercially available component.  On the electronics side of things only active power components and the battery could be relevant. The issue does not present as reduced battery life, vary based on bud charge state, or cause any audio artifacts beyond the reduced frequency response that would be expected with reduced diaphragm movement.  Without knowing the topology I can't rule out either source of defect, but due to the lack of other issues that would likely coincide with battery degradation I suspect an active power component. On the other hand that the failure occurs so much faster on the revisions with smaller batteries operating at lower power levels points the finger at battery degradation. For the battery to make sense a boost circuit that is battery wear cognizant would have to exist, this would be a frankly silly cost compared to a better battery.  So...beats me..but the USB-C revisions despite including some welcome changes are simply not worth even a 50% off sale price. If you can find the T10 Classic you won't be disappointed, but I have not seen those in a few years.",2026-02-18 22:34:43
4.0,"I've bought two sets of these, they fit my ears much better than any other wireless earbuds I've used. Sound quality is mediocre but that's true for all earbuds, if you want top notch sound, use headphones. Real attraction is the price, I have not seen any spendy wireless earbuds that are substantially better than the $20 ones and you don't feel that bad when you lose one of the buds and the janitor finds it in his vacuum cleaner. Hence why I'm buying a third set.",2026-02-18 22:34:43
5.0,"I have been using the TOZO-A1 which are great. At times I needed an earbud that you could use a little longer. I tried the TOZO-T10 at they are perfect. They have the same great fit and sound of the A1 and you can use them longer. The other great thing is the lanyard. It makes carrying them easier. Nothing but praise for the T10, they sound great, feel good and last a long time.",2026-02-18 22:34:46
5.0,"Tozo T10 earbuds are absolutely amazing. The fashionable design fits perfectly, easy to use controls, amazing microphone quality, great noise cancelation, and long lasting battery life. These earbuds score high on style. Their sleek, minimalist design pairs well with both casual and professional looks, and the matte finish gives them a premium feel. Goes great with your workout routine. The control buttons are responsive and easy to locate by touch. Each press has solid tactile feedback, reducing accidental inputs. Playback, volume, and track skipping are all intuitive to navigate, making on-the-go adjustments simple even without looking. The microphone performs reliably, delivering clear, natural voice pickup during calls. It handles quiet environments exceptionally well, and while a bit of background noise can slip through in crowded settings, conversations remain understandable without frequent repeats. The active noise cancellation does an admirable job at cutting down low-frequency sounds like traffic rumble or office ventilation. While sudden or high-pitched noises aren’t fully eliminated, the overall listening experience is noticeably more immersive. Battery life is a major highlight. On a single charge, the earbuds provide 10 to 15 hours of playback time depending on use. Plus another 50 hours of charge via the charging case. This makes them excellent for long workdays, travel, and extended listening sessions. Overall, these wireless earbuds deliver a well-balanced mix of style, performance, and convenience. With their fashionable design, intuitive controls, dependable microphone, strong noise cancellation, and long-lasting 10 to 15 hours of battery life, they stand out as a reliable choice for everyday use. Whether you're commuting, working, or relaxing with your favorite music, these earbuds offer comfort, quality, and value that’s hard to beat.",2026-02-18 22:34:46
5.0,"Let's get right to the specifics:  Pros: •price - $20 can't be beat for what you get •quality - good build quality with no complaints •comfort - perfect fit eartips, I wore them all day with zero pressure build up, if you choose the right eartips you may not have to adjust them •battery - during my continous play test I got a little over 8.5hrs of uninterrupted play before getting the low battery buzz warning, the case also features wireless charging •sound quality - surprising sound clarity and very decent bass, there's an app that allows for fine tuning if needed •pros bottom line - these genuinely can outperform some of the big name brands out there  Cons: •aesthetics - they look very unassuming and the case is very plain, not for the fashion minded •case - the case and lid hinge are on the flimsy side with regular tension keeping the lid closed (lid is not magnetic) however it has strong magnets keeping the buds securely in the case •says a lanyard is included in the box but mine didn't come with one  •cons bottom line - they won't win any awards in the looks department but you get a very impressive package for a week's worth of coffee purchases",2026-02-18 22:34:46
3.0,"I purchased both the BEBEN 5H wireless ear buds and the TOZO T10 wireless ear buds, for use with my Samsung Galaxy S7 Android phone. Prior to these purchases, I have been using Anker bluetooth (wired-to-each-other) ear buds; the Anker buds have served me well for a couple of years, but I was looking for truly wireless for a couple of reasons (I won't waste your time with those reasons--I suspect if you read them you wouldn't care).  I checked out reviews and ratings for several brands, and settles on these two: -- BEBEN 5H Continuous 25H Cyclic Playtime IP68 Waterproof 5.0 Wireless Bluetooth Earbuds with Wireless Charging Case (here: https://www.amazon.com/gp/product/B07PN2FK2W/ref=ppx_yo_dt_b_asin_title_o04_s00?ie=UTF8&psc=1) -- TOZO T10 Bluetooth 5.0 Wireless Earbuds with 【Wireless Charging Case】 IPX8 Waterproof TWS Stereo Headphones (here: https://www.amazon.com/gp/product/B07J2Z5DBM/ref=ppx_yo_dt_b_asin_title_o06_s00?ie=UTF8&psc=1)  I purchased the TOZO first, after reading many positive reviews, and seeing an average of 4.4 stars from more than (at the time) 9,000 ratings; the price was $49.99. Afterward, I noticed the BEBEN, getting an average rating of 4.8 stars from over 1,000 ratings; these were slightly less expensive, $45.99. I liked the controls advertised for the BEBEN better than those advertised for the TOZO.  Both sets claim IPX8 waterproof certification, which means they can be dropped in 3 feet of water and should be good to go. (Interestingly, IPX8 *does not* mean all of the lower IPX ratings are covered. For example, IPX6 means it can handle a spray of water at some amount of pressure; being rated for IPX8 does not mean it passes the IPX6 test.) Both are bluetooth. Both advertise good music sound quality, and good use for phone calls.  When I received them, I decided they must have some common manufacturing. While the shape of their cases is different, there are some notable elements in common: Both have four small LED lights in the case to indicate the case's battery level, both cases close magnetically, and they come with identical graphics and text materials to communicate they're good for swimming (surface, not underwater) and good for showers. The TOZO advertised that it came with 5 pairs of different sized silicone cups to fit different sizes of ears, and it did; the BEBEN advertised that it came with 3 pairs, but it came with 5. Both cases charge wirelessly, and both cases can recharge the ear buds multiple times before needing a case recharge.  I put both sets through the same test routine. I listened to similar music, and I made phone calls. With each set, I ran 4.5 miles on a treadmill, then showered while wearing the ear buds and listening to podcasts. When I was in the shower, the ear buds were connected to my phone which was about 25 feet away with 2 walls in between. Here are my findings:  SOUND QUALITY: I found the sound quality to be very good in both. I'm probably not as demanding in this area as some, but I would guess I'm as demanding as most.  Score: tie  SOUND BLOCKING: Neither set has active noise cancelling. They block noise through their physical design; the silicone cup which fits into the ear canal physically blocks a lot of environment noise. I think both do brands do a fine job of blocking environmental noise, so the music sounds good.  Score: tie  CONNECTION STABILITY: One complaint I'd read a few times regarding the TOZO was dropped connections. When I tried the BEBEN, as I got around 25 feet from my phone, with 2 walls between me and my phone, on a couple of occasions both ear buds disconnected, then reconnected very quickly; each disconnect-reconnect lasted maybe half a second. It was a little annoying, but rare, and pretty understandable given the distance and walls. The TOZO did the same thing. However, the TOZO did the disconnect-reconnect routine many, MANY times, including when the phone was only 3 feet away and there were no obstructions between the phone and ear buds.  Score: BEBEN 5H wins  CONTROLS: The BEBEN 5H's buttons offer more controls than the TOZO T10's. The TOZO's controls include: - Answer phone - Hang up phone - Redial last number - Play/pause - Reject phone call  The BEBEN's controls do not offer 'redial last number', but otherwise have the same controls plus: - volume up/volume down - next/previous (song, podcast, etc.)  Score: BEBEN 5H wins  FIT: The fit was very similar between the two. The TOZO are slightly larger (as seen in one of the attached photos). Both stayed in my ears while I ran 4.5 miles on a treadmill. Neither the shaking nor the sweat led to ear buds coming loose.  Score: tie  PHONE CALLS: For me the sound was good. I was told by my daughter that on her end I sounded good. In the initial tests, I found no difference. Since the initial testing, I have used the BEBEN for phone calls on many occasions; on a couple of occasions I have been told by the person at the other end of the call that they could not hear me well. I don't have enough information, yet, to decide whether that was because of the environment I was in at the time, or if there's some flaw in the BEBEN mic.  Score: tie  WATERPROOF: Both sets survived my shower with flying colors. They performed fine. It was nice to keep listening to music or podcasts while I was showering. In each test, I removed the ear buds while I was in the shower (so I could clean my ears), set the buds on the bath tub rim, then put them back in my ears about a minute later. No problems with regard to water.  Score: tie  OTHER: These two things are small, but I notice them. First, the TOZO case lid is slightly translucent. Because of that, when the battery level LEDs are lit, they can be seen through the case lid, which is nice (this is shown in one of the pictures); the BEBEN lid is completely opaque, so the LEDs cannot be seen without opening the case.  Also, as seen in one of the pictures, the ""L"" and ""R"" on the BEBEN ear buds are small and low-contrast with the surrounding plastic. For a 54-year-old who needs reading glasses but who otherwise has good vision, I wish they would have made these markings easier to see.  Score: TOZO  SUMMARY: The BEBEN 5H are very good. I'm glad to have them and will make great use of them. The have the added benefits of offering additional controls over the TOZO, which I am glad to have, and they are slightly cheaper.  The TOZO are pretty good, but that issue with disconnecting and reconnecting is very annoying. This is something they should fix. As can been seen in other reviews, I'm not the only person to find this problem. This set will be going back.  Oveall Winner: BEBEN 5H",2026-02-18 22:34:46
5.0,I’ve used for about 30 hrs. I thought all of the great reviews might be a little over stated but they are not. I had a previous version that I really liked so I figured it was worth 20 dollars to buy these. They have amazing sound and fit my ears much better than the older model.  This was well worth it for me.,2026-02-18 22:34:46
5.0,"OK, I will start off by saying, I am not necessarily an audio file, but I know how I want my music to sound, and I like them to have plenty of base, and decent volume! I also need a good pair of earbuds that will stay in my ears, Since I do workouts! Now, let me tell you! These are amazing, and I couldn’t ask for better earbuds! I have a pair of Sony WXM fives over the ear, headphones, They were very disappointing! I have tried many other pairs of headphones from Sony‘s, Bose, JBL, J lab, soundcore, and a whole bunch others. While some of them are good, they are lacking in something. This is what was frustrating me. They either didn’t have enough base, volume, or they sounded muddy, or squashed. Some of the apps that came with some of them also did not work very well. I have a whole drawer full of headphones that were just not quite right for me. Then I decided on a whim to try these, and I wasn’t disappointed! These have amazing base, but they are also well balanced, and the base does not distort or drowned out the instruments or voices at all! Plus, you have a plethora of EQ presets to choose from, or you can adjust your own! You can also choose from others that other people have created inside the app. That is what I’ve done. I found a perfect equalizer setting that is perfect for my needs! Plenty of base, crisp and clear vocals, instruments are Perfectly spaced out where they should be, and you can even hear the high hats, without them being buried or too sharp. The app is very easy to use as well. I am visually impaired, and I have no trouble navigating it. The only trouble I had was the profile set up, but that’s it. Once I got past it, everything was simple. And finally oh finally! I found a pair of earbuds that stay in my ears even on a run. Even when I am doing. Heavy resistance training, they still stay in. Even when I am upside down they stay in. They don’t come out. They come with a few sizes of eartips, so you should find ones that will keep them in your ears and block noise. They’re also good at blocking noise. Start with the largest tips and work your way down. I’m actually using one extra large size in one ear, and one large size in the other. I have two different ear shapes. That’s what I did. The fact that these are also waterproof is great for me! I sweat a lot when I do workouts, so this is awesome. I’ve never been brave enough like others in the reviews have done, to take them in the shower yet. Maybe I’ll try it once I get my second pair today. Also, one more thing, the touch controls are very easy to navigate. I have not had any misses yet. They’re also very clear on calls as well from what I’ve been told. So these are perfect! I am very glad I bought two of them! I am very happy with these, and you won’t regret the purchase! Just do it! The price is right, why not? Get a couple pairs!",2026-02-18 22:34:46
5.0,"Every Christmas I usually have enough personal money to make an impulse purchase, usually in Electronics. This year, I wanted to upgrade the $20 pair of totally wireless sound (TWS) earbuds I had. They were good, but needed better sound to make them perfect.  With a budget of about $100, I started off looking for something good from a known manufacturer (like Samsung, Jabra, etc.) There was just nothing out there in my price range. I couldn't see myself paying that kind of money from a brand I didn't know, so I started looking for a cheaper model. For around $50 I found 3-4 that looked good and reviews were good enough. I liked Anker's other Bluetooth earphones, so the Soundcore Liberty Lites were considered. With the good reviews and previous good ownership of Monoprice products the Monoprice IPX4s were looking good, too.  Due diligence and a desire to be able to use one earbud at a time drive me to search Amazon's best rated under $50 TWS sets, and Tozo looked pretty good. While the buds are labeled L and R, they are both the same, and can be put into either ear. They come with 4 tips, and for the first time, I'm not using the largest ones. So if you have really big ear canals and find it hard to get tips that fit, you may find a good fit here.  The sound won't knock Bose out of the water, but for the forty dollars I paid, it is good, and an outstanding upgrade from my $20 pair. It has nice bass, and well defined mids and highs.  Battery time is right around 4 hours at low volume (I wear them at work as background noise). The travel case can charge one while the other is playing, so I don't find it hard to get through a work day with them. I like the charging case, too. It's well built, and can use a Qi wireless charger, which I don't care about really. There are 4 lights to tell you how charged it is. it closes and fits in a pocket. I can't tell you how many charges it will take, because I usually keep it plugged in.  Pairing, once initially done, is easy. Just pull a bud off the charger and it will turn on and start looking for your paired device. Since I'm using one at a time, I find I need to turn the one I'm using off completely first, then get the other one. I paired them first together, and then separate. This is the best part of these for me, almost seamless use.  All in all, very happy with the purchase. And I save up some money to get something else. I have already recommended these to people (my brother is not convinced, he has bone conducting headphones he likes). I do like them that much.",2026-02-18 22:34:46
4.0,"These are comfortable in my ears. They come with a variety of sized rubber pieces to fit your ears, not just one size fits all.The sound is pretty good and better than expected. The The main problem is the app. Because you have to resync the Bluetooth after every use. It not a real big deal but it shouldn’t be that way.. Over all for the price you can beat it for the price.",2026-02-18 22:34:46
4.0,"I have never owned wireless earbuds before. I just purchased these and received them on 6/21/20. I was in the market for some wireless earbuds because I was tired of my wired headphones shorting out all the time. I also wanted the ability to move about freely and listen to music while my phone charged. As much money as I've spent over the years replacing wired headphones, I probably could've bought 4 or 5 pair of these, if not more.  I wanted a nice pair of earbuds but I wasn't willing to spend the money it costs for Beatz or Bose. I don't use Apple products and I don't like the design of the AirPods anyway. I wanted Raycons but the pair I wanted was sold out.  True to fashion, the right ear on my inexpensive Sony wired headphones went out over a week ago, and my wired bluetooth earbuds that I just bought in March shorted out a couple of weeks before that, so I decided now's the time to go wireless once and for all.  I've only had them for less then 24 hours but this is what I have observed so far:  Pros:  1. Very well-made. The earbuds and case feel like they are made out of very good materials. They feel pretty sturdy for a $40 pair. The magnet that holds the earbuds in the charging case are very strong. You just drop the buds into the docks and they pop right into place and stay. The packaging is also great. You'd think you've just purchase a more expensive pair.  2. Sound. They are very loud but the sound quality is pretty good at this price point. The bass is pretty good. I don't think these were designed as noise-canceling, but I don't really hear any outside noises when I have these in so far. You call always adjust the Dolby/equalizer on your phone to find the sound you prefer.  3. Ease of use. At first I couldn't pair the buds with my device, but once I let the case charge some, then took the buds out of the docks, they paired up pretty quickly. You get alerts that the buds are on and connected when you put then in your ears. While listing to music, soon as you take them out and put them in the case, they shut off and start charging. It's also pretty easy to flip through videos on YouTube and answer calls by pushing the buttons on the buds.  4. Battery life. According to the package it says battery life is 3 hours. I've only had them for a day, but my first day with them, I used them for about 4 hours or so right out of the box. When I checked he battery life, they were still at 100%. I'll do an update on the battery life after I've had them for a while if I notice any changes. The charging case charges very fast and you don't have to keep it plugged in so the buds can charge.  5. Distance from device. I noticed I can move about more freely and further away from my phone with these than I could with my wired bluetooth earbuds.  6. Accessories. The accessories these come with are pretty decent: charging cord, carry strap (a little too long though), replacement ear caps in various sizes for the right fit. The accessories are also very well-made.  7. Fit. They seem to fit me pretty well. I did drop the left one this morning but I think that's because I didn't secure it well enough.  Cons:  1. Volume. You can't adjust the volume directly on the buds, you can only adjust it on your device. If you're moving about freely or your phone is charging, you will have to walk back to your phone/tablet to adjust the volume.  2. Cutting in and out. I did notice that they cut out some when moving about but not significantly.  3. Phone mic. When I've answered phone calls through the buds, my callers often ask me to repeat myself so the mic may not be all that great. It may be how I have them in my ears so I'll have to play around with that to see if that makes any difference.  Conclusion:  I've never owned expensive, premium headphones before, but if you are new to wireless ear buds and on a budget like I am, these are a great purchase. They are worth the $40. I highly recommend them.  ***I also recommend spending the additional $5 for the protection plan and renewing it. I learned this lesson from my wired headphones constantly shorting out to just pay for the protection plan. Since headphones tend to short out all the time, paying a few extra bucks for the protection plan is MUCH cheaper than paying full price for new headphones if they stop working or get broken. With a protection plan, you will likely just end up with a new pair.***",2026-02-18 22:34:46
4.0,"Really good headphones for the price. I know this is an updated version, the only difference from the older ones is the battery life. I feel these last shorter time. Other than that I love them! This is my 5th pair!",2026-02-18 22:34:46
3.0,"Yikes! This has less to do with the quality and more to do with the company’s inconsistency when you order different colors. I ordered what were supposed to be the same earbuds in two different colors. But what I got were two different size and varying styles of what both are labeled to be the same earbuds, the T10s. Which may explain the mixed reviews on the T10s. I loved the blue pair. The sound was great and the fit was perfect for my small ears. So I ordered another pair in grey. I was so excited to see the same pair in the grey color. But when I got it, the grey was not only larger but also a slightly different style. The piece the enters the ear canal on the smaller blue pair juts straight out which feels more comfortable to me, while the larger grey pair has the ear canal piece juts slightly downward, which feels less comfortable.  Mind you it still looked nice but it was definitely not the same model even though the boxes and cases for the blue and grey pair all say T10. I’m disappointed because I wanted a pair of grey ones in the same smaller style as my blue ones. But I’m afraid to order again to just be disappointed .. :(",2026-02-18 22:34:49
4.0,"UPDATE: Since I had a serious problem with my initial pair of these earbuds, the manufacturer quickly sent me a replacement set that did not have the battery problem of my first set. In the interim, I acquired a different set of similar earbuds from a different manufacturer. As a result, I have what I didn't have the first time I wrote about these: a basis for comparison. My overall experience is that although I don't own a perfect set of waterproof Bluetooth earbuds, this one is much more reliable.  THE GOOD - I'm not an audiophile, but the audio quality is much better than any previous headphones I've owned. - They do a good job of blocking ambient noise. - The clicky nature of the buttons means you can stick them in your pocket without accidentally setting off the controls. - Due to the clicky buttons, they're easy to turn on and off. - Battery is generally decent. The charging case discharges a little faster than I'd like - it went from full to low over the course of a weekend when I used the earbuds very little - but this isn't a big problem since it's easy to charge them. - They fit in my ear pretty snugly.  THE LESS-GOOD - Some of the controls are nonsensical. When I'm listening to music, why would I want a double-tap on either headphone to redial the last phone number called? The instructions mostly only cover phone-related activities. There are no instructions for skipping forward and back a song, or for adjusting volume. - The headphones pair to each other well, but having to manually pair them to my phone every! Single! Time! is very annoying.  THE NEUTRAL: - From the different pairs of Bluetooth headphones I own, I get the sense that occasional mild interference from nearby devices may just come with the territory. - Although the instructions aren't ideal, there's some important information there: only pair the right earbud with your phone; never the left. Pairing them both causes weird behavior. Completely deleting the connections and re-pairing them makes the weird behavior stop.  Since I've owned both sets of earbuds, I've switched back and forth testing each set. The last time I knew I'd be away from my house for an extended period of time, the TOZO earbuds are the ones I chose to take with me because they're just more reliable. Overall, this is a fairly decent set of this style of earbud. -----------------  ORIGINAL REVIEW: My experience with these just went from mixed-but-largely-positive to negative. The set I purchased worked well until they became unusable.  I was lured in by the seemingly overwhelmingly positive reviews., and up until yesterday, I was mostly satisfied with them. The sound quality was good and they did a better-than-average job of blocking ambient noise. The buds usually pair to each other well, but it's annoying that I have to go into the Bluetooth menu on my iPhone to actively pair them every single time I use them. Is this standard for for type of earbud?  I've experienced a little of some of the other complaints I've seen here: I've had a couple of instances of the buds not pairing to one another well in the first few days, but the problem stopped after a few days. I also once experienced the audio cutting in and out when I was around other people, but this did not happen regularly.  The big, dealbreaking problem - and why I'll be returning them - is the battery on the earbuds. I'm in the habit of leaving the charger plugged in most of the time, and putting the earbuds back in the charger when I'm not using them. Yesterday, after I used them for 30 minutes in the morning, I put them in the charger, which was plugged into USB at my workplace. After eight hours, I took the earbuds out of the charger, started using them, and left work. Within FIVE MINUTES, the right earbud began signaling low battery, and shut itself off after a couple of minutes of warnings. Again, they had been in the charger for a solid eight hours. Neither earbud's ""charging"" light was lit, so I had no reason to believe they didn't have a full charge. The charger itself showed a full charge. I just tried them again - they'd been shut off since - and the right earbud reported low battery after two minutes. I accidentally left the charger at work, so I guess I'll find out on Monday whether this was an aberration, or if the right earbud's capacity for a charge has been permanently reduced to a few minutes.  Let me be clear: I used these earbuds for less than two weeks before this problem, which renders the earbuds useless, occurred.  Although I've read a few reviews here that indicate I'm not the only person who has had this problem, it doesn't appear to be as common as, say, audio cutting out or problems pairing the left earbud. My guess is that this set is defective, but after reading other negative reviews here on Amazon - seemingly buried under a suspicious number of five-star reviews - I'm not going to seek a replacement because it looks too likely it would instead have a different set of the more common problems.",2026-02-18 22:34:49
5.0,"Easy to set up and use. They are lightweight and don't hurt my ears after having them in for hours. The sound quality is better than my older pair, and more noise cancelling, not completely, but I have to take them out to hear someone talking with me. The price is great, and these are perfect for a hiking or travel set.",2026-02-18 22:34:49
5.0,"It never crossed my mind to leave a review, but right now, I feel OBLIGATED. I now have TWO pairs of these earbuds because my daughter lost the first pair which I've had for a long time. Here's the story: One day, my 9-year-old's wireless cat-head phones, which she wears all the time to listen to songs and YT vids on her tablet, started malfunctioning. I told her I would order her a new pair, but she could use my earbuds in the meantime. One day she asked if she could take my earbuds to school - I was dubious because while I don't use my earbuds all the time, I do occasionally like to use them at work - especially during those four-hour ""General Planning Meetings"" in which I sit in the back, put my earbuds in and wear my hair long to cover my ears, and just listen to music or episodes of 'The Office' until the boring meeting is over. But I let her use them, and I told her to put them in the case anytime she didn't have them in her ears so that they wouldn't get lost. Well, sure enough, when I got home from work that evening, she had lost them :( She had the case but said that when she came into the house, she got distracted and had ""set the earbuds down somewhere."" we turned the house upside-down and could not find them. She was very sorry, and I was very upset with her. But I decided to just order another pair since they were good earbuds and were my life-saver in long meetings at work.  Two days before my new pair arrived, I FOUND the missing earbuds. I was taking clothes out of the dryer, and there they were. Apparently, my daughter had put them in her pants pocket and - as kids always do, threw her dirty pants into the wash without emptying the pockets. I knew there was no way these buds would still work now, but since I still had the charging case, I put them in any way and forgot about them. When my new earbuds arrived, out of curiosity - I left them unopened and tried out my old earbuds.  THEY. WOOOOOOOOOOOOOOOOORKED!!!!  These $40 earbuds had gone through an entire WASH & DRY cycle in the laundry and worked PERFECTLY!!  I took them to work today to show my coworker, who is kind of a tech snob and ONLY buys expensive Apple products because the week before, her Airpods had broken, and she paid $200 to buy new Airpods. She had once roasted me about my ""cheap"" little TOZO, and she knew that my daughter had recently lost them, so when I told her WHERE I found them and showed her that they still worked, she was amazed - her expensive Airpods had broken so easily, and mine survived an entire laundry cycle and STILL sounded amazing. lol. She asked for the brand name and I sent her the link and as I write this, she is ordering a pair for her teenage daughter lol.  So here's my review. These buds have amazing sound - when my daughter was wearing them I would yell her name at the top of my lungs and she couldn't hear me, and when I'm in boring meetings they completely tune out all the noise - I use visual cues to pretend Im listening ( i.e laughed when I see ppl laughing, clap when I see ppl clapping. etc...); AND they are durable enough to be washed in the washer and dried in the dryer and STILL work. I could return the new pair I ordered since I found my old ones, and they still work perfectly, but I decided to keep them and save them to gift to someone on Christmas or give to my daughter if (when) her cat headphones break again.",2026-02-18 22:34:49
5.0,"These have lasted me about 5 years. They have been washed 3 times and still working. Much better than the tozo 12. If you are undecided about wich pick the 10. Sound, fit, and durability is much better.",2026-02-18 22:34:49
5.0,"This product is the perfect backup headset. If you ever wanted a pair to bring with you or keep in your car in case your main pair dies. This is the one to go with. I should know, I have 3 pairs.",2026-02-18 22:34:49
5.0,I’m sorry I don’t remember to deliver driver‘s name her name but she went beyond to make sure I got my package safely. Thank you.!!! AirPods were amazingly thank you so much!,2026-02-18 22:34:49
4.0,pretty good for the price sound really good..,2026-02-18 22:34:49
5.0,"I feel like every other item I have ordered multiple times has gotten worse over the years. My second purchase seems to have thinner materials, plastic parts where metal used to be and just cut corners all over the place but that is not the case with these earbuds. I ordered my first pair of TOZO earbuds in 2021, technically they still work but they have definitely seen better days, and I just orded my second pair last week. They are even better now! My biggest complaint was the size of the case, but TOZO has managed to make the new model 2/3rds the size and it is perfect. It feels better in the hand and definitely better in the pocket. I just wanna shout out TOZO for actually improving a product on Amazon!",2026-02-18 22:34:49
5.0,Great for the price. Fits well. Doesn't fall out. Good volume and quality sufficient for my normal use. Audio books and music.,2026-02-18 22:34:49
5.0,"So far, so good! Only time will tell! The case needed charging in about 2 1/2 days!! People were saying the charge last a long time but I’m used to that with my old set so no complaints from me hence the 5 star rating!",2026-02-18 22:34:52
5.0,"I've only had these a few days, but I have to say I'm absolutely blown away. I've been getting sick of my traditional usb-c headphones as I'm an avid bodybuilder and the cable is often a problem; between needing to keep my phone nearby, catching it during runs/lifts, etc.  I spent a good amount of time comparing these to competitors, to higher end brands (ones in the $150+ range, etc.) and made the plunge with these. For $50 they offer basically the latest features that even name brands struggle to match.  Pros:  + Build quality & appearance: I was incredibly impressed with this. The buds are extremely solid and while the charging case feels a 'bit' cheap, the buds drop in with ease thanks to magnet grips and the case offers simple and intuitive charging status for the case itself and the buds. 'Plugging' the buds in is satisfying and easy (the magnets are strong) and the case closes with magnet as well, very firm construction and there's no worry of the buds being disrupted in travel or falling out. The case claims it can charge the buds to full 4x before it needs to be charged itself, and it's a very convenient design to grab and go. Very happy with it.  +Comfort: I was a bit concerned with this as I tend to dislike a lot of 'in-ear' buds, however these fit extremely well; even during rigorous workouts, runs or even in the shower they don't move an inch. They are also just comfortable in general as I actually don't notice them over time as I have with other earbuds. They come with 3 extra sizes in addition to the ones that they come with. I actually seemed to be fine with the 'default' ones, but may try a size down as they 'can' sometimes get disturbed. Point being they'll fit any ear like a glove.  +Features: Here's where I was REALLY impressed, after scanning tons of brands & the reason I settled on them. (including MUCH pricer buds, these had some of the best specifications even compared to 'luxury' earbuds in the $150+ range)  ++ IPX8 - I noticed this was rare even among much more expensive brands. These buds/case are completely waterproof up to 1+ meter. I sometimes wear them in the shower with my phone 10-15ft away without any static or sound issue. If you are a swimmer I'd imagine you would have zero issue with these. (for comparison the nearly $200 Jabra Elite Active 65t are only 1P65-- basically 'sweat resistant') There's something extremely cool about jumping in the shower after a workout or even listening to a podcast before work!  ++ 8mm bass drivers & sound - again another stand out feature. The bass on these hit HARD, better than probably any earbuds I've owned. To put it in comparison again, the Jabra Elite Active 65t use 6mm drivers. The sound quality is also crystal clear, but I'm not an audiophile by any means, how they stand up to more expensive brands I don't know; but the lows and highs are pitch perfect to 'my ears,' and again did I mention the bass? They are also EXTREMELY loud, I can usually only handle about 70-80% depending on media (music is a bit louder than youtube, etc.)  ++ Bluetooth 5.0 - while this feature is common now with wireless headphones, combined with the IPX8 you can comfortably wear these in the pool/shower with your phone 20ft+ away.  Cons:  I can't really speak to any so far. They boast better features than earbuds for a fraction of the cost, are extremely well built and not obnoxious looking like a lot of wireless earbuds. The pairing could maybe be slightly faster, but it's sort of a non issue. Setup was as easy as removing them from the case, pairing once and then you're done. They take maybe 10 seconds to 're-pair' if you power off or remove from case, but you can simply put them in your ear and you'll get a 'device paired message.' Just a tip - the right earbud is the 'primary,' you always need to turn that one on first if they are turned off otherwise they may have trouble pairing. (they have to 'pair to each other' than they pair to your device, the whole process only takes 5-10 seconds)  The true test will be how the old up after a few months in the gym/use, but for the price you really can't go wrong. If you are someone that wants to have total control over your earbuds with an app such as equalizer settings, talk functions, etc. these may not be for you. However for just a general earbud that is sturdy, sounds great, and can take calls, you can't beat them, even at a higher price.",2026-02-18 22:34:52
5.0,"These are one of the best earbuds I’ve owned so far. They hold a charge beyond expectations. I once accidentally left them in my pants, and they went through the wash and dry cycle and they still work flawlessly.",2026-02-18 22:34:52
5.0,"I really enjoyed these headphones and I anticipated that they would have lasted me a VERY long time... Until I accidentally misplaced them today and could only find one. It's fine, I'll order another set 😎",2026-02-18 22:34:52
4.0,"I love the features on this product. The battery life is something to be desired as it's only got 4 hours per ear bud, so not that bad, plus you can recharge them using the case. I usually use them one at a time while I'm working so I can use one when the other dies and still hear customers and etc. After work I just switch out the dead one with the one that was charging. They charge super quickly too. I haven't timed it but I think it's like 20-30 minutes for the case to charge, I'm not sure about the earbuds.  The earbuds are waterproof and I've used them while swimming which is amazing. To be fair, I'm not a professional swimmer and I haven't done anything crazy with them like diving, but casually, they're great. The signal can get distorted underwater, especially if your phone is far away. So just beware of that. The normal reach is great, but underwater it's quartered.  As for fit, I personally never had a problem with them. It comes with replacement buds in 4 sizes, but the one that came on the earbud fit me fine and never really slipped unless I didn't put the buds in snuggly. However, I have had people completely unable to wear them. One of my friends borrowed one when they forgot their airpods and couldn't get it to stick properly in their ear no matter how they twisted them. To be fair, I didn't have any replacement tips on hand and they were used to the shape of airpods.  So overall, great for its price. It's pretty mid range in battery life, the waterproofing is useful but not without drawbacks, and the signal strength is pretty steady.  By far though, my favorite part of these headphones is that they can connect separately so I can use them one at a time, and they can connect to different devices seperately. So I can connect to my right earbud to my phone and my left to my laptop. Or I can lend one out to a friend if they forgot their's while still having one for myself.  So if you're looking for earbuds that are cheap, have some pretty good features, and can stand up to some stuff, then I recommend them.  Side note: I've used these everyday for the last 3 years and they've stood up to being dropped, stepped on, thrown, and even dropped out a car window. I even threw them away once by accident. My cat tried to chew on them as well. It gets to be in the 100's here and double that in my car during summer and I've definitely left them in there. Safe to say they've been through much with very little break.  This means it is in no way typical for others to face the issue that I now have with them.  My last pair gave out on me after 3 years. The case no longer charges right and the right earbud crackles and also no longer charges properly. If I plug the case in to charge and place the left earbud to charge, it'll work just fine. The battery runs out a little quicker than before on the left one but it's still truckin' along.  I'm buying my 3rd replacement because I love the price point on these along with their sturdy nature. So I don't feel guilty throwing them around like I do. This last pair I have had for 3 years, the ones before that for 2 years, and the one's before that for less than a year. And that's because I lost the other two.  There's a reason I keep coming back though.",2026-02-18 22:34:52
5.0,I use them for my phone. I only use one of the earbuds while I'm on the phone. They are very clear. The charge lasts a long time. The size is perfect for what I need. I bought the charging disk also. This way I can let the earbuds sit on them and charge. I do not have to remember to plug them in.,2026-02-18 22:34:52
4.0,"My first pair of wireless ear buds that come with their own charging case. I’m happy with this set, the pricing and sound are great for the value.",2026-02-18 22:34:52
5.0,"I took a fair amount of time with this headset because of the various reviews. I initially compared it to my LG HBS810 ($99) which I've used for years. That was a mistake.  You need to judge these on their own merits/demerits. The design of the LG is too different from this set to make a reasonable comparison except in the areas of sound quality and fit.  My first mistake was not paying attention to the instructions for fitting the buds in my ears. See the attached image. If you don't rotate the buds slightly, they fall out too easily. My second mistake was not trying the different sized cups that come with the set. (I was getting ready to send them back)  Once I fixed those two mistakes, things went smoothly from there. I use these with a Samsung S10+ updated to Android 10 with the latest security patch on September 1.  Sound quality is very good for both music and voice. Either ear bud has a control for playing music on your phone, but I don't use that function. I stream IHeartRadio and Sirius/XM, in addition to phone calls. According to folks I talk to, the noise cancelling is excellent: I have a fair amount of road and wind noise out in the country at higher speeds and can talk without problems. Reduction of outside sounds is better than my LG, but you can still hear traffic and sirens.  Note that the buds do NOT have a volume control...you need to use the phone's volume control. They do not have a MUTE feature, so you need to do that from your phone.  Paring is fast and easy. A voice tells you when they are attached in each bud. The buds have worked through walls when separated from the phone over 20-30 feet away. I figured that out when I left the buds on my desk (not in the charging station) and was in the living room. When the phone rang, I picked it up and said, ""Hello"", but couldn't hear anybody. After the third try I checked my Bluetooth connection on the phone and saw the earbuds were still attached...oops. I called my friend back and apologized...  Starting a call on my phone is one of two ways: ""Hey Google...call..."" or double-clicking either earbud will redial the previous number. A single click on either earbud answers or ends a call. A 2 second click rejects a call. These work better with the latest version of Android than my ""old"" LG head set. And, if you're left-handed, it's convenient.  Power on or off is accomplished with longer clicks of 3 or 5 seconds depending if the earbud is on or off respectively.  As compared to my LG headset, there was a learning curve....not substantial.....but to save frustration...pay attention and memorize the instructions. Take your time.  The station and buds appear to be made of solid materials and have some ""heft to them"". Once properly fitted, they are comfortable for extended use of a few hours at a time (the longest I've used so far).  The charging station is excellent with magnetic ""clamps"" that hold each earbud in place while charging. I have not had problems with battery life so far, but I don't talk hours at a time most days. When not in use, I keep the buds in the case attached to a USB port on my desktop PC. If I was traveling out of town, I'd attach the station to a USB port in my Jeep. The station is compatible with a wireless pad, but that is not included. The USB cable is short: a minor gripe.  TOZO clarifies that while the buds are ""water proof"", they can't be submerged as in swimming. That sounds like IP6 level water proofing. So..you should be able to wear them safely in the rain or if someone splashes you...etc.  Oh..one other thing...the buds are not immediately apparent to those around you unlike some other headsets....so if you are in public or shopping, be prepared for some startled and quizzical looks. You don't have to speak loudly to be heard by the buds....but most of us talk a little louder just out of habit....  One more thing: make sure you put the buds in as marked R & L. I mistakenly put them in the wrong ears...and folks said it was very hard to hear me clearly.....LOL.",2026-02-18 22:34:52
5.0,Good quality earbuds. They’re easy to connect to my phone or PC. The sound is really crisp. Also like the wireless charging feature on the case itself. Would recommend.,2026-02-18 22:34:52
4.0,I bought these for use at work because I have some at home and enjoy them. Unfortunately the left bud only seems to last about 4-5 hours rather than the touted 15. Need to exchange,2026-02-18 22:34:52
